event_date,event_timestamp,event_name,user_pseudo_id,user_id,ga_session_id,ga_session_number,page_location,page_title,page_referrer,engagement_time_msec,utm_source,utm_medium,utm_campaign,utm_content,gclid,geo_country,geo_region,geo_city,device_category,device_browser,platform
20251015,2025-10-15T10:30:00,session_start,anon_001,,1760524200,1,https://www.example.com/products,Products,https://www.google.com,0,google,cpc,brand-search-q1,,gclid_001,US,California,San Francisco,desktop,Chrome,WEB
20251015,2025-10-15T10:30:15,page_view,anon_001,,1760524200,1,https://www.example.com/products,Products,https://www.google.com,15000,google,cpc,brand-search-q1,,gclid_001,US,California,San Francisco,desktop,Chrome,WEB
20251015,2025-10-15T10:35:00,page_view,anon_001,,1760524200,1,https://www.example.com/products/features,Features,https://www.example.com/products,285000,google,cpc,brand-search-q1,,gclid_001,US,California,San Francisco,desktop,Chrome,WEB
20251017,2025-10-17T14:00:00,session_start,anon_001,,1760709600,2,https://www.example.com/pricing,Pricing,,0,,,,,,US,California,San Francisco,desktop,Chrome,WEB
20251017,2025-10-17T14:00:10,page_view,anon_001,,1760709600,2,https://www.example.com/pricing,Pricing,,10000,,,,,,US,California,San Francisco,desktop,Chrome,WEB
20251017,2025-10-17T14:05:00,page_view,anon_001,,1760709600,2,https://www.example.com/pricing/enterprise,Enterprise Pricing,https://www.example.com/pricing,310000,,,,,,US,California,San Francisco,desktop,Chrome,WEB
20251024,2025-10-24T09:00:00,session_start,anon_001,,1761310800,3,https://www.example.com/demo,Request a Demo,https://www.google.com,0,google,cpc,brand-search-q1,,gclid_002,US,California,San Francisco,desktop,Chrome,WEB
20251024,2025-10-24T09:00:10,page_view,anon_001,,1761310800,3,https://www.example.com/demo,Request a Demo,https://www.google.com,10000,google,cpc,brand-search-q1,,gclid_002,US,California,San Francisco,desktop,Chrome,WEB
20251024,2025-10-24T09:05:00,form_submit,anon_001,jane.doe@acme.com,1761310800,3,https://www.example.com/demo,Request a Demo,https://www.example.com/demo,310000,google,cpc,brand-search-q1,,gclid_002,US,California,San Francisco,desktop,Chrome,WEB
20251021,2025-10-21T14:00:00,session_start,anon_002,,1761055200,1,https://www.example.com/demo,Request a Demo,https://www.linkedin.com,0,linkedin,paid_social,decision-makers-q1,vp-audience,,US,New York,New York,desktop,Firefox,WEB
20251021,2025-10-21T14:00:10,page_view,anon_002,,1761055200,1,https://www.example.com/demo,Request a Demo,https://www.linkedin.com,10000,linkedin,paid_social,decision-makers-q1,vp-audience,,US,New York,New York,desktop,Firefox,WEB
20251021,2025-10-21T14:10:00,page_view,anon_002,,1761055200,1,https://www.example.com/about,About Us,https://www.example.com/demo,610000,linkedin,paid_social,decision-makers-q1,vp-audience,,US,New York,New York,desktop,Firefox,WEB
20251105,2025-11-05T16:00:00,session_start,anon_002,,1762358400,2,https://www.example.com/resources/whitepaper,Whitepaper,,0,,,,,,US,New York,New York,desktop,Firefox,WEB
20251105,2025-11-05T16:00:10,page_view,anon_002,,1762358400,2,https://www.example.com/resources/whitepaper,Whitepaper,,10000,,,,,,US,New York,New York,desktop,Firefox,WEB
20251105,2025-11-05T16:05:00,content_download,anon_002,john.smith@acme.com,1762358400,2,https://www.example.com/resources/whitepaper,Whitepaper,https://www.example.com/resources/whitepaper,310000,,,,,,US,New York,New York,desktop,Firefox,WEB
20251029,2025-10-29T11:00:00,session_start,anon_003,,1761742800,1,https://www.example.com/features,Features,https://www.google.com,0,google,cpc,product-demo-q1,,gclid_003,US,California,Los Angeles,mobile,Safari,WEB
20251029,2025-10-29T11:00:10,page_view,anon_003,,1761742800,1,https://www.example.com/features,Features,https://www.google.com,10000,google,cpc,product-demo-q1,,gclid_003,US,California,Los Angeles,mobile,Safari,WEB
20251029,2025-10-29T11:10:00,page_view,anon_003,,1761742800,1,https://www.example.com/case-studies,Case Studies,https://www.example.com/features,610000,google,cpc,product-demo-q1,,gclid_003,US,California,Los Angeles,mobile,Safari,WEB
20251101,2025-11-01T09:00:00,session_start,anon_004,,1761980400,1,https://www.example.com/pricing,Pricing,https://www.google.com,0,google,cpc,brand-search-q1,,gclid_004,US,Illinois,Chicago,desktop,Chrome,WEB
20251101,2025-11-01T09:00:10,page_view,anon_004,,1761980400,1,https://www.example.com/pricing,Pricing,https://www.google.com,10000,google,cpc,brand-search-q1,,gclid_004,US,Illinois,Chicago,desktop,Chrome,WEB
20251101,2025-11-01T09:10:00,page_view,anon_004,,1761980400,1,https://www.example.com/pricing/startup,Startup Plan,https://www.example.com/pricing,610000,google,cpc,brand-search-q1,,gclid_004,US,Illinois,Chicago,desktop,Chrome,WEB
20251102,2025-11-02T10:00:00,session_start,anon_004,,1762070400,2,https://www.example.com/demo,Request a Demo,,0,,,,,,US,Illinois,Chicago,desktop,Chrome,WEB
20251102,2025-11-02T10:00:10,page_view,anon_004,,1762070400,2,https://www.example.com/demo,Request a Demo,,10000,,,,,,US,Illinois,Chicago,desktop,Chrome,WEB
20251102,2025-11-02T10:05:00,demo_request,anon_004,mike.johnson@globex.com,1762070400,2,https://www.example.com/demo,Request a Demo,https://www.example.com/demo,310000,,,,,,US,Illinois,Chicago,desktop,Chrome,WEB
20251115,2025-11-15T08:00:00,session_start,anon_005,,1763193600,1,https://www.example.com/solutions,Solutions,https://www.facebook.com,0,facebook,paid_social,retargeting-q1,solutions-ad,,US,Texas,Austin,desktop,Chrome,WEB
20251115,2025-11-15T08:00:10,page_view,anon_005,,1763193600,1,https://www.example.com/solutions,Solutions,https://www.facebook.com,10000,facebook,paid_social,retargeting-q1,solutions-ad,,US,Texas,Austin,desktop,Chrome,WEB
20251119,2025-11-19T11:00:00,session_start,anon_005,,1763560800,2,https://www.example.com/case-studies/tech,Tech Case Study,,0,,,,,,US,Texas,Austin,desktop,Chrome,WEB
20251119,2025-11-19T11:00:10,page_view,anon_005,,1763560800,2,https://www.example.com/case-studies/tech,Tech Case Study,,10000,,,,,,US,Texas,Austin,desktop,Chrome,WEB
20251126,2025-11-26T14:00:00,session_start,anon_005,,1764169200,3,https://www.example.com/resources,Resources,,0,,,,,,US,Texas,Austin,mobile,Safari,WEB
20251126,2025-11-26T14:00:10,page_view,anon_005,,1764169200,3,https://www.example.com/resources,Resources,,10000,,,,,,US,Texas,Austin,mobile,Safari,WEB
20251126,2025-11-26T14:05:00,content_download,anon_005,emily.davis@initech.com,1764169200,3,https://www.example.com/resources/guide,Implementation Guide,https://www.example.com/resources,310000,,,,,,US,Texas,Austin,mobile,Safari,WEB
20251122,2025-11-22T13:00:00,session_start,anon_006,,1763834400,1,https://www.example.com/resources,Resources,https://www.linkedin.com,0,linkedin,paid_social,content-syndication-q1,blog-promo,,US,Washington,Seattle,desktop,Edge,WEB
20251122,2025-11-22T13:00:10,page_view,anon_006,,1763834400,1,https://www.example.com/resources,Resources,https://www.linkedin.com,10000,linkedin,paid_social,content-syndication-q1,blog-promo,,US,Washington,Seattle,desktop,Edge,WEB
20251122,2025-11-22T13:10:00,page_view,anon_006,,1763834400,1,https://www.example.com/resources/blog,Blog,https://www.example.com/resources,610000,linkedin,paid_social,content-syndication-q1,blog-promo,,US,Washington,Seattle,desktop,Edge,WEB
20251129,2025-11-29T10:00:00,session_start,anon_006,,1764414000,2,https://www.example.com/pricing,Pricing,,0,,,,,,US,Washington,Seattle,desktop,Edge,WEB
20251129,2025-11-29T10:00:10,page_view,anon_006,,1764414000,2,https://www.example.com/pricing,Pricing,,10000,,,,,,US,Washington,Seattle,desktop,Edge,WEB
20251129,2025-11-29T10:05:00,form_submit,anon_006,tom.wilson@initech.com,1764414000,2,https://www.example.com/pricing,Pricing - Contact Sales,https://www.example.com/pricing,310000,,,,,,US,Washington,Seattle,desktop,Edge,WEB
20251201,2025-12-01T10:00:00,session_start,anon_007,,1764586800,1,https://www.example.com/blog/marketing-tips,Marketing Tips,https://www.google.com,0,google,organic,,,,UK,England,London,desktop,Chrome,WEB
20251201,2025-12-01T10:00:10,page_view,anon_007,,1764586800,1,https://www.example.com/blog/marketing-tips,Marketing Tips,https://www.google.com,10000,google,organic,,,,UK,England,London,desktop,Chrome,WEB
20251201,2025-12-01T10:15:00,page_view,anon_007,,1764586800,1,https://www.example.com/blog,Blog,https://www.example.com/blog/marketing-tips,910000,google,organic,,,,UK,England,London,desktop,Chrome,WEB
20251205,2025-12-05T11:00:00,session_start,anon_007,,1764932400,2,https://www.example.com/webinar,Upcoming Webinar,,0,newsletter,email,january-newsletter,webinar-cta,,UK,England,London,desktop,Chrome,WEB
20251205,2025-12-05T11:00:10,page_view,anon_007,,1764932400,2,https://www.example.com/webinar,Upcoming Webinar,,10000,newsletter,email,january-newsletter,webinar-cta,,UK,England,London,desktop,Chrome,WEB
20251212,2025-12-12T09:00:00,session_start,anon_007,,1765533600,3,https://www.example.com/demo,Request Demo,,0,,,,,,UK,England,London,mobile,Safari,WEB
20251212,2025-12-12T09:00:10,page_view,anon_007,,1765533600,3,https://www.example.com/demo,Request Demo,,10000,,,,,,UK,England,London,mobile,Safari,WEB
20251212,2025-12-12T09:05:00,form_submit,anon_007,lisa.brown@umbrella.com,1765533600,3,https://www.example.com/demo,Request Demo,https://www.example.com/demo,310000,,,,,,UK,England,London,mobile,Safari,WEB
20251208,2025-12-08T15:00:00,session_start,anon_008,,1765281600,1,https://www.example.com/about,About Us,https://www.linkedin.com,0,linkedin,paid_social,decision-makers-q1,analyst-audience,,UK,England,Manchester,desktop,Firefox,WEB
20251208,2025-12-08T15:00:10,page_view,anon_008,,1765281600,1,https://www.example.com/about,About Us,https://www.linkedin.com,10000,linkedin,paid_social,decision-makers-q1,analyst-audience,,UK,England,Manchester,desktop,Firefox,WEB
20251208,2025-12-08T15:10:00,page_view,anon_008,,1765281600,1,https://www.example.com/solutions,Solutions,https://www.example.com/about,610000,linkedin,paid_social,decision-makers-q1,analyst-audience,,UK,England,Manchester,desktop,Firefox,WEB
20251215,2025-12-15T14:00:00,session_start,anon_008,,1765882800,2,https://www.example.com/pricing,Pricing,,0,,,,,,UK,England,Manchester,desktop,Firefox,WEB
20251215,2025-12-15T14:00:10,page_view,anon_008,,1765882800,2,https://www.example.com/pricing,Pricing,,10000,,,,,,UK,England,Manchester,desktop,Firefox,WEB
20251020,2025-10-20T11:00:00,session_start,anon_009,,1760954400,1,https://www.example.com/enterprise,Enterprise Solutions,https://www.google.com,0,google,cpc,brand-search-q1,,gclid_005,US,New York,New York,desktop,Chrome,WEB
20251020,2025-10-20T11:00:10,page_view,anon_009,,1760954400,1,https://www.example.com/enterprise,Enterprise Solutions,https://www.google.com,10000,google,cpc,brand-search-q1,,gclid_005,US,New York,New York,desktop,Chrome,WEB
20251020,2025-10-20T11:10:00,page_view,anon_009,,1760954400,1,https://www.example.com/enterprise/security,Security Features,https://www.example.com/enterprise,610000,google,cpc,brand-search-q1,,gclid_005,US,New York,New York,desktop,Chrome,WEB
20251024,2025-10-24T10:00:00,session_start,anon_009,,1761314400,2,https://www.example.com/demo,Request Demo,,0,,,,,,US,New York,New York,desktop,Chrome,WEB
20251024,2025-10-24T10:00:10,page_view,anon_009,,1761314400,2,https://www.example.com/demo,Request Demo,,10000,,,,,,US,New York,New York,desktop,Chrome,WEB
20251027,2025-10-27T14:00:00,session_start,anon_009,,1761584400,3,https://www.example.com/case-studies,Case Studies,https://www.facebook.com,0,facebook,paid_social,retargeting-q1,enterprise-ad,,US,New York,New York,mobile,Safari,WEB
20251027,2025-10-27T14:00:10,page_view,anon_009,,1761584400,3,https://www.example.com/case-studies,Case Studies,https://www.facebook.com,10000,facebook,paid_social,retargeting-q1,enterprise-ad,,US,New York,New York,mobile,Safari,WEB
20251027,2025-10-27T14:10:00,page_view,anon_009,,1761584400,3,https://www.example.com/case-studies/manufacturing,Manufacturing Case Study,https://www.example.com/case-studies,610000,facebook,paid_social,retargeting-q1,enterprise-ad,,US,New York,New York,mobile,Safari,WEB
20251029,2025-10-29T09:00:00,session_start,anon_009,,1761739200,4,https://www.example.com/demo,Request Demo,,0,,,,,,US,New York,New York,desktop,Chrome,WEB
20251029,2025-10-29T09:00:10,page_view,anon_009,,1761739200,4,https://www.example.com/demo,Request Demo,,10000,,,,,,US,New York,New York,desktop,Chrome,WEB
20251029,2025-10-29T09:05:00,demo_request,anon_009,rachel.green@stark.com,1761739200,4,https://www.example.com/demo,Request Demo,https://www.example.com/demo,310000,,,,,,US,New York,New York,desktop,Chrome,WEB